{"questions_right": 70, "total": 201, "accuracy": 0.6915422885572139, "buzz_ratio": 0.30597014925373134, "buzz_position": 0.12641679148740514, "outcome_percentages": {"waiting %": 0.34328358208955223, "best %": 0.3482587064676617, "aggressive %": 0.0845771144278607, "timid %": 0.22388059701492538}}