{"questions_right": 84, "total": 201, "accuracy": 0.7661691542288557, "buzz_ratio": 0.3283582089552239, "buzz_position": -0.08207019965395908, "outcome_percentages": {"waiting %": 0.3482587064676617, "best %": 0.417910447761194, "aggressive %": 0.1791044776119403, "timid %": 0.05472636815920398}}