{"questions_right": 73, "total": 201, "accuracy": 0.7263681592039801, "buzz_ratio": 0.2810945273631841, "buzz_position": -0.11571311816486282, "outcome_percentages": {"waiting %": 0.36318407960199006, "best %": 0.36318407960199006, "timid %": 0.10945273631840796, "aggressive %": 0.16417910447761194}}