{"questions_right": 84, "total": 201, "accuracy": 0.8009950248756219, "buzz_ratio": 0.34577114427860695, "buzz_position": -0.16358360041315165, "outcome_percentages": {"waiting %": 0.38308457711442784, "timid %": 0.05472636815920398, "best %": 0.417910447761194, "aggressive %": 0.14427860696517414}}