{"questions_right": 113, "total": 201, "accuracy": 0.7114427860696517, "buzz_ratio": 0.4228855721393035, "buzz_position": -0.1480426532298219, "outcome_percentages": {"waiting %": 0.14925373134328357, "aggressive %": 0.27860696517412936, "best %": 0.5621890547263682, "timid %": 0.009950248756218905}}