{"questions_right": 80, "total": 201, "accuracy": 0.7860696517412935, "buzz_ratio": 0.3283582089552239, "buzz_position": -0.10595418495309064, "outcome_percentages": {"waiting %": 0.3880597014925373, "timid %": 0.07462686567164178, "best %": 0.39800995024875624, "aggressive %": 0.13930348258706468}}