{"questions_right": 81, "total": 201, "accuracy": 0.736318407960199, "buzz_ratio": 0.30597014925373134, "buzz_position": -0.08519512639641733, "outcome_percentages": {"waiting %": 0.3333333333333333, "aggressive %": 0.19402985074626866, "best %": 0.40298507462686567, "timid %": 0.06965174129353234}}