Features,Filename Stem,Training Limit,Testing Limit,Training Dataset,Test Dataset,Evaluation,best %,timid %,hit %,close %,miss %,aggressive %,waiting %,Questions Right,Total,Accuracy,Buzz Ratio,Buzz Position
['ContextualMatch'],with_contextualmatch,50,25,../data/qanta.buzztrain.json.gz,../data/qanta.buzzdev.json.gz,buzzer,0.417910447761194,0.05472636815920398,,,,0.14427860696517414,0.38308457711442784,84,201,0.8009950248756219,0.34577114427860695,-0.16358360041315165
[],no_features,50,25,../data/qanta.buzztrain.json.gz,../data/qanta.buzzdev.json.gz,buzzer,0.417910447761194,0.05472636815920398,,,,0.14925373134328357,0.3781094527363184,84,201,0.7960199004975125,0.34328358208955223,-0.13544074152047542
['Frequency'],with_frequency,50,25,../data/qanta.buzztrain.json.gz,../data/qanta.buzzdev.json.gz,buzzer,0.4228855721393035,0.04975124378109453,,,,0.19900497512437812,0.3283582089552239,85,201,0.7512437810945274,0.32338308457711445,-0.3079750651357286
['Length'],with_length,50,25,../data/qanta.buzztrain.json.gz,../data/qanta.buzzdev.json.gz,buzzer,0.4079601990049751,0.06467661691542288,,,,0.1791044776119403,0.3482587064676617,82,201,0.7562189054726368,0.31840796019900497,-0.029203295920164338
['Category'],with_category,50,25,../data/qanta.buzztrain.json.gz,../data/qanta.buzzdev.json.gz,buzzer,0.38308457711442784,0.08955223880597014,,,,0.12935323383084577,0.39800995024875624,77,201,0.7810945273631841,0.31840796019900497,-0.11469165566551531
