{"questions_right": 51, "total": 201, "accuracy": 0.6069651741293532, "buzz_ratio": 0.21641791044776118, "buzz_position": 0.05326774440209494, "outcome_percentages": {"waiting %": 0.35323383084577115, "timid %": 0.31840796019900497, "best %": 0.2537313432835821, "aggressive %": 0.07462686567164178}}