{"questions_right": 86, "total": 201, "accuracy": 0.7661691542288557, "buzz_ratio": 0.3333333333333333, "buzz_position": -0.2774078988694529, "outcome_percentages": {"waiting %": 0.3383084577114428, "timid %": 0.04477611940298507, "best %": 0.42786069651741293, "aggressive %": 0.1890547263681592}}