{"questions_right": 81, "total": 201, "accuracy": 0.7164179104477612, "buzz_ratio": 0.2960199004975124, "buzz_position": -0.09537234158629074, "outcome_percentages": {"waiting %": 0.31343283582089554, "aggressive %": 0.21393034825870647, "best %": 0.40298507462686567, "timid %": 0.06965174129353234}}