{"questions_right": 0, "total": 201, "accuracy": 0.42786069651741293, "buzz_ratio": 0.0, "buzz_position": 0.0, "outcome_percentages": {"waiting %": 0.42786069651741293, "timid %": 0.572139303482587}}