{"questions_right": 63, "total": 201, "accuracy": 0.681592039800995, "buzz_ratio": 0.2835820895522388, "buzz_position": 0.042552357101173804, "outcome_percentages": {"waiting %": 0.3681592039800995, "aggressive %": 0.05970149253731343, "best %": 0.31343283582089554, "timid %": 0.25870646766169153}}