{"questions_right": 84, "total": 201, "accuracy": 0.7960199004975125, "buzz_ratio": 0.34328358208955223, "buzz_position": -0.13544074152047542, "outcome_percentages": {"waiting %": 0.3781094527363184, "timid %": 0.05472636815920398, "best %": 0.417910447761194, "aggressive %": 0.14925373134328357}}