{"questions_right": 72, "total": 201, "accuracy": 0.7213930348258707, "buzz_ratio": 0.27611940298507465, "buzz_position": -0.11153379097383138, "outcome_percentages": {"waiting %": 0.36318407960199006, "best %": 0.3582089552238806, "timid %": 0.11442786069651742, "aggressive %": 0.16417910447761194}}