{"questions_right": 77, "total": 201, "accuracy": 0.7810945273631841, "buzz_ratio": 0.31840796019900497, "buzz_position": -0.11469165566551531, "outcome_percentages": {"waiting %": 0.39800995024875624, "timid %": 0.08955223880597014, "best %": 0.38308457711442784, "aggressive %": 0.12935323383084577}}