{"questions_right": 82, "total": 201, "accuracy": 0.7562189054726368, "buzz_ratio": 0.31840796019900497, "buzz_position": -0.029203295920164338, "outcome_percentages": {"waiting %": 0.3482587064676617, "best %": 0.4079601990049751, "timid %": 0.06467661691542288, "aggressive %": 0.1791044776119403}}