{"questions_right": 78, "total": 201, "accuracy": 0.7213930348258707, "buzz_ratio": 0.3407960199004975, "buzz_position": 0.16848695192771557, "outcome_percentages": {"waiting %": 0.3333333333333333, "best %": 0.3880597014925373, "aggressive %": 0.0945273631840796, "timid %": 0.18407960199004975}}