{"questions_right": 77, "total": 201, "accuracy": 0.7114427860696517, "buzz_ratio": 0.3333333333333333, "buzz_position": 0.08855083405440574, "outcome_percentages": {"waiting %": 0.3283582089552239, "aggressive %": 0.09950248756218906, "best %": 0.38308457711442784, "timid %": 0.1890547263681592}}