{"questions_right": 85, "total": 201, "accuracy": 0.7512437810945274, "buzz_ratio": 0.32338308457711445, "buzz_position": -0.3079750651357286, "outcome_percentages": {"waiting %": 0.3283582089552239, "timid %": 0.04975124378109453, "best %": 0.4228855721393035, "aggressive %": 0.19900497512437812}}