{"questions_right": 80, "total": 201, "accuracy": 0.7512437810945274, "buzz_ratio": 0.31094527363184077, "buzz_position": -0.2501388891292964, "outcome_percentages": {"waiting %": 0.35323383084577115, "aggressive %": 0.17412935323383086, "timid %": 0.07462686567164178, "best %": 0.39800995024875624}}