{"questions_right": 112, "total": 201, "accuracy": 0.7313432835820896, "buzz_ratio": 0.43034825870646765, "buzz_position": 0.08386250411737711, "outcome_percentages": {"waiting %": 0.17412935323383086, "aggressive %": 0.2537313432835821, "best %": 0.5572139303482587, "timid %": 0.014925373134328358}}