{"questions_right": 82, "total": 201, "accuracy": 0.7611940298507462, "buzz_ratio": 0.3208955223880597, "buzz_position": -0.259294642929544, "outcome_percentages": {"waiting %": 0.35323383084577115, "aggressive %": 0.17412935323383086, "timid %": 0.06467661691542288, "best %": 0.4079601990049751}}