{"questions_right": 69, "total": 201, "accuracy": 0.736318407960199, "buzz_ratio": 0.27611940298507465, "buzz_position": -0.10840605100032613, "outcome_percentages": {"waiting %": 0.39303482587064675, "timid %": 0.12935323383084577, "best %": 0.34328358208955223, "aggressive %": 0.13432835820895522}}