{"questions_right": 71, "total": 201, "accuracy": 0.681592039800995, "buzz_ratio": 0.3034825870646766, "buzz_position": 0.07709947481498963, "outcome_percentages": {"waiting %": 0.3283582089552239, "aggressive %": 0.09950248756218906, "best %": 0.35323383084577115, "timid %": 0.21890547263681592}}